{
    "description": "Betaflight VTX Config file",
    "version": "1.0",
    "vtx_table": {
        "bands_list": [
            {
                "name": "BAND_A  ",
                "letter": "A",
                "is_factory_band": false,
                "frequencies": [
                    5865,
                    5845,
                    5825,
                    5805,
                    5785,
                    5765,
                    5745,
                    5725
                ]
            },
            {
                "name": "BAND_B  ",
                "letter": "B",
                "is_factory_band": false,
                "frequencies": [
                    5733,
                    5752,
                    5771,
                    5790,
                    5999,
                    5828,
                    5847,
                    5866
                ]
            },
            {
                "name": "BAND_E  ",
                "letter": "E",
                "is_factory_band": false,
                "frequencies": [
                    5705,
                    5685,
                    5665,
                    5645,
                    5885,
                    5905,
                    5925,
                    5945
                ]
            },
            {
                "name": "AIRWAVE ",
                "letter": "F",
                "is_factory_band": false,
                "frequencies": [
                    5740,
                    5760,
                    5780,
                    5800,
                    5820,
                    5840,
                    5860,
                    5880
                ]
            },
            {
                "name": "RACEBAND",
                "letter": "R",
                "is_factory_band": false,
                "frequencies": [
                    5658,
                    5695,
                    5732,
                    5769,
                    5806,
                    5843,
                    5880,
                    5917
                ]
            },
            {
                "name": "LOWRACE ",
                "letter": "L",
                "is_factory_band": false,
                "frequencies": [
                    5362,
                    5399,
                    5436,
                    5473,
                    5510,
                    5547,
                    5584,
                    5621
                ]
            }
        ],
        "powerlevels_list": [
            {
                "value": 14,
                "label": "25 "
            },
            {
                "value": 27,
                "label": "500"
            },
            {
                "value": 30,
                "label": "1  "
            },
            {
                "value": 34,
                "label": "2.5"
            }
        ]
    }
}